{"round": 4, "epoch": 5, "val_loss": 0.28529030084609985, "val_dice": 0.5713066726050907}