{"round": 5, "epoch": 1, "val_loss": 0.2859417498111725, "val_dice": 0.505235103749757}