{"round": 5, "epoch": 4, "val_loss": 0.19655903987586498, "val_dice": 0.723559967003368}