round,epoch,train_loss,train_dice,train_iou,train_acc,val_loss,val_dice,val_iou,val_acc,best_epoch
1,1,0.7022052059570948,0.27303347209256074,0.16325055568179378,0.8038966652199075,0.7185375690460205,0.12322370886377715,0.06701121348216954,0.8099527994791667,
1,2,0.5661672403415045,0.3744084739394993,0.23133857766562096,0.8905738208912036,0.8950754255056381,0.32132365401979335,0.19172783401387625,0.7985443793402778,
1,3,0.4870638946692149,0.4432742546806252,0.28837415345005746,0.9297875072337963,0.45949314534664154,0.4586543904049124,0.3003888613417942,0.9262320963541666,
1,4,0.40309880922238034,0.5852274545615145,0.41593200621231374,0.9601213469328703,0.367133766412735,0.6034248758828997,0.4337969378380896,0.9578602430555555,
1,5,0.3062303438782692,0.7024898572730236,0.5444155962269496,0.9712393301504628,0.28358272463083267,0.6600123997705991,0.4935531629273822,0.9668793402777778,x
