{"round": 0, "epoch": 5, "val_loss": 0.35648173093795776, "val_dice": 0.5199339466851302}