{"round": 0, "epoch": 4, "val_loss": 0.21201074495911598, "val_dice": 0.7221835912338198}