{"round": 0, "epoch": 10, "val_loss": 0.23725783079862595, "val_dice": 0.6504941507982118}