{"round": 3, "epoch": 5, "val_loss": 0.19086723774671555, "val_dice": 0.7312410001676036}