{"round": 3, "epoch": 5, "val_loss": 0.2915070056915283, "val_dice": 0.5112677147057142}