{"round": 4, "epoch": 5, "val_loss": 0.21008841693401337, "val_dice": 0.6885939191143898}