{"round": 2, "epoch": 10, "val_loss": 0.17855006456375122, "val_dice": 0.7535089181047684}