{"round": 7, "epoch": 2, "val_loss": 0.2425956279039383, "val_dice": 0.5794646424286221}