{"round": 10, "epoch": 1, "val_loss": 0.16187989711761475, "val_dice": 0.7632747460221554}