{"round": 10, "epoch": 3, "val_loss": 0.28094932436943054, "val_dice": 0.5271771771767814}