{"round": 5, "epoch": 5, "val_loss": 0.22049618139863014, "val_dice": 0.6869122862471346}