{"round": 7, "epoch": 2, "val_loss": 0.1739710494875908, "val_dice": 0.7271337142309762}