{"round": 1, "epoch": 5, "val_loss": 0.2647150345146656, "val_dice": 0.6224628785444943}