{"round": 3, "epoch": 5, "val_loss": 0.21937299519777298, "val_dice": 0.6702326854580593}