{"round": 4, "epoch": 1, "val_loss": 0.28342992067337036, "val_dice": 0.5317982456136185}