{"round": 5, "epoch": 5, "val_loss": 0.3741873949766159, "val_dice": 0.608026464128377}