{"round": 5, "epoch": 5, "val_loss": 0.4825306236743927, "val_dice": 0.4562121460137042}