{"round": 4, "epoch": 4, "val_loss": 0.2863418906927109, "val_dice": 0.7232470718281888}