{"round": 2, "epoch": 10, "val_loss": 0.21207592263817787, "val_dice": 0.703035884809777}