{"round": 9, "epoch": 10, "val_loss": 0.2936961352825165, "val_dice": 0.4983634797583993}