{"round": 8, "epoch": 6, "val_loss": 0.24145077168941498, "val_dice": 0.6287126189295431}