{"round": 3, "epoch": 5, "val_loss": 0.2727302759885788, "val_dice": 0.6863454149630199}