{"round": 2, "epoch": 5, "val_loss": 0.23991300910711288, "val_dice": 0.6610974844882878}