{"round": 5, "epoch": 5, "val_loss": 0.4238453805446625, "val_dice": 0.38331511226946147}