{"round": 5, "epoch": 4, "val_loss": 0.28265947103500366, "val_dice": 0.5637256497392408}