{"round": 5, "epoch": 3, "val_loss": 0.2131890282034874, "val_dice": 0.6983840801314978}