{"round": 4, "epoch": 3, "val_loss": 0.3971620798110962, "val_dice": 0.314761948613763}