{"round": 5, "epoch": 4, "val_loss": 0.24039999023079872, "val_dice": 0.6649076219706619}