{"round": 3, "epoch": 2, "val_loss": 0.17532269656658173, "val_dice": 0.7372637616159914}