{"round": 4, "epoch": 3, "val_loss": 0.3457098603248596, "val_dice": 0.4215346372732246}