{"round": 0, "epoch": 4, "val_loss": 0.16924838721752167, "val_dice": 0.7429224471428328}