{"round": 0, "epoch": 4, "val_loss": 0.231938648968935, "val_dice": 0.6750000848565799}