{"round": 0, "epoch": 2, "val_loss": 0.2749052047729492, "val_dice": 0.5487678913969686}