{"round": 2, "epoch": 5, "val_loss": 0.232828538864851, "val_dice": 0.6682564494914227}