{"round": 5, "epoch": 5, "val_loss": 0.16680416464805603, "val_dice": 0.7454082130329298}