{"round": 3, "epoch": 4, "val_loss": 0.3041311800479889, "val_dice": 0.5258696090960601}