{"round": 0, "epoch": 5, "val_loss": 0.20104613155126572, "val_dice": 0.7004244089944959}