{"round": 0, "epoch": 5, "val_loss": 0.19875530898571014, "val_dice": 0.7186766719803382}