{"round": 5, "epoch": 5, "val_loss": 0.2338954694569111, "val_dice": 0.65750410554808}