{"round": 5, "epoch": 4, "val_loss": 0.2999328523874283, "val_dice": 0.537614086254141}