{"round": 5, "epoch": 2, "val_loss": 0.3198421895503998, "val_dice": 0.46219201359352574}