{"round": 5, "epoch": 3, "val_loss": 0.3108161687850952, "val_dice": 0.4852358864122156}