{"round": 4, "epoch": 5, "val_loss": 0.21011168137192726, "val_dice": 0.6992724600489213}