{"round": 5, "epoch": 4, "val_loss": 0.1971563845872879, "val_dice": 0.7120072798370523}