{"round": 4, "epoch": 3, "val_loss": 0.32681500911712646, "val_dice": 0.4489539373256272}