{"round": 4, "epoch": 5, "val_loss": 0.2138534002006054, "val_dice": 0.6775919679690318}