{"round": 3, "epoch": 5, "val_loss": 0.23473123088479042, "val_dice": 0.6712129601450555}