{"round": 5, "epoch": 1, "val_loss": 0.266647607088089, "val_dice": 0.5594039787583741}