{"round": 3, "epoch": 5, "val_loss": 0.2862355560064316, "val_dice": 0.6027733900172967}