{"round": 5, "epoch": 1, "val_loss": 0.2094344086945057, "val_dice": 0.7100751799936129}