{"round": 2, "epoch": 8, "val_loss": 0.15722472965717316, "val_dice": 0.762886469407274}