{"round": 1, "epoch": 15, "val_loss": 0.18547414615750313, "val_dice": 0.740546675290294}