{"round": 2, "epoch": 7, "val_loss": 0.2511118948459625, "val_dice": 0.5916111328885992}