{"round": 0, "epoch": 2, "val_loss": 0.18537317588925362, "val_dice": 0.7449528646980278}