{"round": 0, "epoch": 4, "val_loss": 0.2708415985107422, "val_dice": 0.5278830535999568}