{"round": 0, "epoch": 5, "val_loss": 0.20063169300556183, "val_dice": 0.6946102381566224}