{"round": 30, "epoch": 1, "val_loss": 0.2909298241138458, "val_dice": 0.5241488519393647}