{"round": 23, "epoch": 6, "val_loss": 0.1789153628051281, "val_dice": 0.7566097459023312}