{"round": 25, "epoch": 3, "val_loss": 0.15353147685527802, "val_dice": 0.7673604837798553}