{"round": 28, "epoch": 4, "val_loss": 0.25150352716445923, "val_dice": 0.5784682988068279}