{"round": 22, "epoch": 8, "val_loss": 0.17291026562452316, "val_dice": 0.7596969406537233}