{"round": 23, "epoch": 1, "val_loss": 0.16608119755983353, "val_dice": 0.7499186356873726}