{"round": 2, "epoch": 5, "val_loss": 0.42980650067329407, "val_dice": 0.38419249462163635}