{"round": 5, "epoch": 5, "val_loss": 0.2846027761697769, "val_dice": 0.5707881808065949}