{"round": 2, "epoch": 4, "val_loss": 0.25258277729153633, "val_dice": 0.6539645794334499}