{"round": 3, "epoch": 5, "val_loss": 0.19593969359993935, "val_dice": 0.7276870045789042}