{"round": 5, "epoch": 5, "val_loss": 0.20955949276685715, "val_dice": 0.6847076780710879}