{"round": 3, "epoch": 3, "val_loss": 0.36408066749572754, "val_dice": 0.4661550400961747}