{"round": 5, "epoch": 4, "val_loss": 0.2284940406680107, "val_dice": 0.6792081572295584}