{"round": 5, "epoch": 4, "val_loss": 0.3556886613368988, "val_dice": 0.40981612649323185}