{"round": 4, "epoch": 4, "val_loss": 0.3567916750907898, "val_dice": 0.49677470483017494}