{"round": 0, "epoch": 5, "val_loss": 0.20010017976164818, "val_dice": 0.6976620738220469}