{"round": 0, "epoch": 5, "val_loss": 0.2873542904853821, "val_dice": 0.5009063444104978}