{"round": 0, "epoch": 5, "val_loss": 0.23078028485178947, "val_dice": 0.6741743012147328}