{"round": 0, "epoch": 7, "val_loss": 0.18424953892827034, "val_dice": 0.743240911746796}