{"round": 0, "epoch": 1, "val_loss": 0.25033947080373764, "val_dice": 0.6085448317873737}