{"round": 0, "epoch": 5, "val_loss": 0.2915778160095215, "val_dice": 0.498421017267689}