{"round": 4, "epoch": 5, "val_loss": 0.2990639805793762, "val_dice": 0.539043822443751}