{"round": 5, "epoch": 2, "val_loss": 0.22288211062550545, "val_dice": 0.6836924855050892}