{"round": 3, "epoch": 3, "val_loss": 0.4195331037044525, "val_dice": 0.33623245700714754}