{"round": 3, "epoch": 3, "val_loss": 0.5771596431732178, "val_dice": 0.37587464582288155}