{"round": 3, "epoch": 3, "val_loss": 0.3235054388642311, "val_dice": 0.6710255542758887}