{"round": 5, "epoch": 5, "val_loss": 0.5085494518280029, "val_dice": 0.2607915283136225}