{"round": 5, "epoch": 4, "val_loss": 0.25625599175691605, "val_dice": 0.601503687983064}