{"round": 4, "epoch": 2, "val_loss": 0.2264980673789978, "val_dice": 0.6772976533176372}