{"round": 9, "epoch": 2, "val_loss": 0.23439732193946838, "val_dice": 0.5987332339785779}