{"round": 10, "epoch": 2, "val_loss": 0.14480993896722794, "val_dice": 0.7799482624372658}