{"round": 5, "epoch": 10, "val_loss": 0.17614335753023624, "val_dice": 0.7547813237704287}