{"round": 0, "epoch": 5, "val_loss": 0.35400861501693726, "val_dice": 0.37519260400580196}