{"round": 0, "epoch": 7, "val_loss": 0.22279365360736847, "val_dice": 0.6529505212214695}