{"round": 0, "epoch": 4, "val_loss": 0.2149445116519928, "val_dice": 0.6985275700379692}