{"round": 5, "epoch": 4, "val_loss": 0.27773239463567734, "val_dice": 0.6591812025524739}