{"round": 3, "epoch": 5, "val_loss": 0.49223124980926514, "val_dice": 0.5447183962760849}