{"round": 5, "epoch": 5, "val_loss": 0.518365204334259, "val_dice": 0.32817268742004985}