{"round": 3, "epoch": 5, "val_loss": 0.2271895594894886, "val_dice": 0.680371386377195}