{"round": 3, "epoch": 5, "val_loss": 0.19469378888607025, "val_dice": 0.6971033865978655}