{"round": 4, "epoch": 3, "val_loss": 0.2874918580055237, "val_dice": 0.5068354771361662}