{"round": 5, "epoch": 1, "val_loss": 0.2268265187740326, "val_dice": 0.6834142970167203}