{"round": 18, "epoch": 7, "val_loss": 0.31613317131996155, "val_dice": 0.454895397489159}