{"round": 8, "epoch": 6, "val_loss": 0.17281253263354301, "val_dice": 0.7552408456735715}