{"round": 21, "epoch": 6, "val_loss": 0.18935414776206017, "val_dice": 0.7114258610218138}