{"round": 3, "epoch": 5, "val_loss": 0.23722686991095543, "val_dice": 0.6800956331225037}