{"round": 5, "epoch": 5, "val_loss": 0.23475822806358337, "val_dice": 0.6425919115403241}