{"round": 3, "epoch": 2, "val_loss": 0.4217142164707184, "val_dice": 0.40305098354047697}