{"round": 0, "epoch": 6, "val_loss": 0.21507447957992554, "val_dice": 0.6634754525422266}