{"round": 0, "epoch": 7, "val_loss": 0.24325940012931824, "val_dice": 0.5848069738475842}