{"round": 0, "epoch": 2, "val_loss": 0.17056431248784065, "val_dice": 0.7677507810095724}