{"round": 4, "epoch": 5, "val_loss": 0.1778145208954811, "val_dice": 0.7252199558105942}