{"round": 3, "epoch": 5, "val_loss": 0.33651071786880493, "val_dice": 0.39581314208141516}