{"round": 5, "epoch": 5, "val_loss": 0.2307111695408821, "val_dice": 0.6865900390932864}