{"round": 3, "epoch": 3, "val_loss": 0.29038894176483154, "val_dice": 0.5253649487857687}