{"round": 2, "epoch": 5, "val_loss": 0.2011362798511982, "val_dice": 0.7066186102308543}