{"round": 5, "epoch": 2, "val_loss": 0.22848719358444214, "val_dice": 0.6766323103793355}