{"round": 23, "epoch": 4, "val_loss": 0.22571491077542305, "val_dice": 0.7167534131519744}