{"round": 13, "epoch": 8, "val_loss": 0.17948245629668236, "val_dice": 0.7277374428633441}