{"round": 30, "epoch": 4, "val_loss": 0.24467256665229797, "val_dice": 0.6056618474585701}