{"round": 4, "epoch": 9, "val_loss": 0.3398544192314148, "val_dice": 0.4074334505269639}