{"round": 8, "epoch": 3, "val_loss": 0.1886388100683689, "val_dice": 0.7150776817093603}