{"round": 3, "epoch": 5, "val_loss": 0.21120863780379295, "val_dice": 0.7036661677589353}