{"round": 8, "epoch": 5, "val_loss": 0.29107627272605896, "val_dice": 0.5078525376091024}