{"round": 6, "epoch": 5, "val_loss": 0.23072251304984093, "val_dice": 0.6826882063630748}