{"round": 6, "epoch": 3, "val_loss": 0.19163498282432556, "val_dice": 0.7144057220042488}