round,epoch,train_loss,train_dice,train_iou,train_acc,val_loss,val_dice,val_iou,val_acc,best_epoch
1,1,0.608640718460083,0.20878694459048605,0.1191272664770966,0.9150557002314814,0.4871162921190262,0.0008500588320919371,0.00042521240470318905,0.9609646267361112,
1,2,0.540100383758545,0.2765774098701442,0.1613496714757446,0.8887223668981481,0.5179920792579651,0.0,0.0,0.9608506944444444,
1,3,0.5001907646656036,0.19576009865376937,0.1114943978907466,0.943325954861111,0.5028049945831299,0.23323541923049618,0.13337155483556115,0.935830078125,
1,4,0.4809665381908417,0.18930481406727415,0.10898190364133889,0.958834056712963,0.5138668715953827,0.3922459379475305,0.2501996659765466,0.9542024739583334,
1,5,0.4466991305351257,0.3855504081361968,0.24098747556528913,0.946337818287037,0.4748273193836212,0.37765250454940447,0.23620628924517312,0.9271050347222223,x
