round,epoch,train_loss,train_dice,train_iou,train_acc,val_loss,val_dice,val_iou,val_acc,best_epoch
1,1,0.5491232350468636,0.3002591044435521,0.1809225827208375,0.8843267144097222,0.523202583193779,0.0,0.0,0.9507025824652778,
1,2,0.47006429980198544,0.3593462375972969,0.22026179050681252,0.9038521773726852,0.48152225464582443,0.23160636975397889,0.1369106589678363,0.9235481770833333,
1,3,0.4395661950111389,0.37077010664604027,0.2305472758722522,0.9023043258101852,0.5987166613340378,0.0,0.0,0.9507025824652778,
1,4,0.44001299391190213,0.3341247675542733,0.2019198407519023,0.9218771701388887,0.4363069459795952,0.3403330641340982,0.2075240564219624,0.9229302300347222,
1,5,0.41511200616757077,0.3798126781912458,0.2356699939127791,0.9271629050925926,0.4182063639163971,0.3512767217994097,0.2185068312654268,0.9271218532986111,x
