{"round": 21, "epoch": 5, "val_loss": 0.2364211082458496, "val_dice": 0.5985748218522238}