{"round": 23, "epoch": 2, "val_loss": 0.17961302399635315, "val_dice": 0.7359861661763569}