{"round": 44, "epoch": 2, "val_loss": 0.21667848527431488, "val_dice": 0.7097812120167559}