{"round": 8, "epoch": 10, "val_loss": 0.1938394457101822, "val_dice": 0.6988585119198187}