{"round": 4, "epoch": 10, "val_loss": 0.19363473542034626, "val_dice": 0.7308957437230563}