{"round": 10, "epoch": 6, "val_loss": 0.26609790325164795, "val_dice": 0.5491895640109654}