{"round": 5, "epoch": 2, "val_loss": 0.22451304644346237, "val_dice": 0.6850937467062993}