{"round": 4, "epoch": 5, "val_loss": 0.2840597853064537, "val_dice": 0.5798644553211129}