{"round": 3, "epoch": 5, "val_loss": 0.338069349527359, "val_dice": 0.42585672258851404}