{"round": 5, "epoch": 3, "val_loss": 0.26664572954177856, "val_dice": 0.538391085330073}