{"round": 5, "epoch": 2, "val_loss": 0.17014355584979057, "val_dice": 0.7361425634576604}