{"round": 4, "epoch": 5, "val_loss": 0.21679823100566864, "val_dice": 0.6926417556870224}