{"round": 0, "epoch": 4, "val_loss": 0.19491800293326378, "val_dice": 0.7228590132021617}