{"round": 0, "epoch": 3, "val_loss": 0.23506011441349983, "val_dice": 0.6332394489017465}