{"round": 0, "epoch": 4, "val_loss": 0.26978471875190735, "val_dice": 0.5358711566613733}