{"round": 15, "epoch": 6, "val_loss": 0.17583811283111572, "val_dice": 0.7403292537703812}