{"round": 3, "epoch": 9, "val_loss": 0.23524703457951546, "val_dice": 0.6719489674180538}