{"round": 15, "epoch": 2, "val_loss": 0.29087066650390625, "val_dice": 0.5313370473533904}