{"round": 5, "epoch": 5, "val_loss": 0.2937460243701935, "val_dice": 0.49799483111977716}