{"round": 5, "epoch": 5, "val_loss": 0.18498319387435913, "val_dice": 0.710843596878063}