{"round": 5, "epoch": 5, "val_loss": 0.2145632989704609, "val_dice": 0.6676460875242303}