{"round": 5, "epoch": 4, "val_loss": 0.27960205078125, "val_dice": 0.5254704737179384}