{"round": 5, "epoch": 3, "val_loss": 0.23126324638724327, "val_dice": 0.6791191447593372}