{"round": 3, "epoch": 5, "val_loss": 0.17266999930143356, "val_dice": 0.7295064014929182}