{"round": 3, "epoch": 5, "val_loss": 0.2360304780304432, "val_dice": 0.666517908381342}