{"round": 3, "epoch": 3, "val_loss": 0.31378868222236633, "val_dice": 0.5120772946855485}