{"round": 0, "epoch": 3, "val_loss": 0.21737032383680344, "val_dice": 0.689261435946265}