{"round": 0, "epoch": 5, "val_loss": 0.24900243431329727, "val_dice": 0.6059589875028886}