{"round": 0, "epoch": 5, "val_loss": 0.4702092111110687, "val_dice": 0.302512727869681}