{"round": 3, "epoch": 4, "val_loss": 0.1921033300459385, "val_dice": 0.7324675029493026}