{"round": 4, "epoch": 1, "val_loss": 0.2275197058916092, "val_dice": 0.6365445708254978}