{"round": 5, "epoch": 4, "val_loss": 0.27607256174087524, "val_dice": 0.5269752871558241}