{"round": 12, "epoch": 2, "val_loss": 0.2666052281856537, "val_dice": 0.5493822363815763}