{"round": 23, "epoch": 3, "val_loss": 0.1818213239312172, "val_dice": 0.7297460291636619}