{"round": 6, "epoch": 1, "val_loss": 0.23215044662356377, "val_dice": 0.6817804022894149}