{"round": 4, "epoch": 3, "val_loss": 0.21766965091228485, "val_dice": 0.6678253026292023}