{"round": 5, "epoch": 3, "val_loss": 0.2696358263492584, "val_dice": 0.5621037463972895}