{"round": 4, "epoch": 5, "val_loss": 0.17173270508646965, "val_dice": 0.7539798197414189}