{"round": 2, "epoch": 4, "val_loss": 0.20087945833802223, "val_dice": 0.7142285516575413}