{"round": 4, "epoch": 2, "val_loss": 0.322368323802948, "val_dice": 0.45050367340721764}