{"round": 3, "epoch": 5, "val_loss": 0.25765498727560043, "val_dice": 0.6338009910269391}