{"round": 1, "epoch": 13, "val_loss": 0.23549505323171616, "val_dice": 0.6707381218576922}