{"round": 4, "epoch": 7, "val_loss": 0.2832287549972534, "val_dice": 0.5165078284542916}