{"round": 6, "epoch": 3, "val_loss": 0.17116622626781464, "val_dice": 0.7399816236950079}