{"round": 2, "epoch": 5, "val_loss": 0.2453804798424244, "val_dice": 0.662110545164835}