{"round": 3, "epoch": 4, "val_loss": 0.18458234146237373, "val_dice": 0.7189043987011606}