{"round": 3, "epoch": 5, "val_loss": 0.33718398213386536, "val_dice": 0.4145413326852768}