{"round": 5, "epoch": 2, "val_loss": 0.2890167236328125, "val_dice": 0.4974688974684706}