{"round": 5, "epoch": 5, "val_loss": 0.25935758650302887, "val_dice": 0.6294471146535143}