{"round": 5, "epoch": 5, "val_loss": 0.16183769516646862, "val_dice": 0.7752658263080057}