{"round": 0, "epoch": 9, "val_loss": 0.4136942923069, "val_dice": 0.3912538290901117}