{"round": 0, "epoch": 9, "val_loss": 0.2079964354634285, "val_dice": 0.702817922448093}