{"round": 0, "epoch": 8, "val_loss": 0.24422498047351837, "val_dice": 0.6554902494472896}