{"round": 5, "epoch": 5, "val_loss": 0.30975502729415894, "val_dice": 0.5275762563966241}