{"round": 4, "epoch": 4, "val_loss": 0.3213089406490326, "val_dice": 0.515143095303774}