{"round": 5, "epoch": 4, "val_loss": 0.21543081104755402, "val_dice": 0.7008570765542631}