{"round": 5, "epoch": 5, "val_loss": 0.19959933310747147, "val_dice": 0.689104310214856}