{"round": 3, "epoch": 4, "val_loss": 0.4077383577823639, "val_dice": 0.4644412191578455}