{"round": 5, "epoch": 3, "val_loss": 0.18239229172468185, "val_dice": 0.748106285298519}