{"round": 0, "epoch": 6, "val_loss": 0.19324495270848274, "val_dice": 0.7429194527424776}