{"round": 0, "epoch": 2, "val_loss": 0.2503584325313568, "val_dice": 0.5675912408754981}