{"round": 0, "epoch": 7, "val_loss": 0.16639766842126846, "val_dice": 0.7468102713777693}