{"round": 45, "epoch": 1, "val_loss": 0.1515919640660286, "val_dice": 0.782645187359339}