{"round": 16, "epoch": 5, "val_loss": 0.23039810359477997, "val_dice": 0.6065962844745014}