{"round": 28, "epoch": 2, "val_loss": 0.15749740228056908, "val_dice": 0.7854039036281149}