{"round": 5, "epoch": 2, "val_loss": 0.2510887533426285, "val_dice": 0.6479088836465913}