{"round": 4, "epoch": 1, "val_loss": 0.3122173696756363, "val_dice": 0.5199240624422227}