{"round": 4, "epoch": 3, "val_loss": 0.35440385341644287, "val_dice": 0.4029500502844977}