{"round": 5, "epoch": 5, "val_loss": 0.1736232377588749, "val_dice": 0.735342515582394}