{"round": 4, "epoch": 4, "val_loss": 0.2665391191840172, "val_dice": 0.5841708445467032}