{"round": 5, "epoch": 3, "val_loss": 0.3541943430900574, "val_dice": 0.38152153291559326}