{"round": 4, "epoch": 4, "val_loss": 0.20651879906654358, "val_dice": 0.7063741070927617}