{"round": 5, "epoch": 5, "val_loss": 0.23243670910596848, "val_dice": 0.6690334184132847}