{"round": 4, "epoch": 3, "val_loss": 0.2790375351905823, "val_dice": 0.5896888022836063}