{"round": 4, "epoch": 4, "val_loss": 0.3684330880641937, "val_dice": 0.35916871960055635}