{"round": 11, "epoch": 2, "val_loss": 0.19986619800329208, "val_dice": 0.7256653958048558}