{"round": 16, "epoch": 1, "val_loss": 0.15560504794120789, "val_dice": 0.7695649012464749}