{"round": 29, "epoch": 4, "val_loss": 0.28319793939590454, "val_dice": 0.5297518455923421}