{"round": 7, "epoch": 8, "val_loss": 0.1849563829600811, "val_dice": 0.7304870851946099}