{"round": 7, "epoch": 8, "val_loss": 0.2697696089744568, "val_dice": 0.568113840296775}