{"round": 2, "epoch": 13, "val_loss": 0.23220555111765862, "val_dice": 0.6812250322700737}