{"round": 4, "epoch": 4, "val_loss": 0.3634822368621826, "val_dice": 0.3741381951889274}