{"round": 4, "epoch": 5, "val_loss": 0.24430330842733383, "val_dice": 0.6682130187788091}