{"round": 5, "epoch": 5, "val_loss": 0.27464621514081955, "val_dice": 0.5834164351769532}