{"round": 4, "epoch": 4, "val_loss": 0.27848828583955765, "val_dice": 0.6923419797616344}