{"round": 4, "epoch": 5, "val_loss": 0.4616740047931671, "val_dice": 0.3054087027243743}