{"round": 4, "epoch": 3, "val_loss": 0.2515852451324463, "val_dice": 0.6491431207984294}