{"round": 4, "epoch": 4, "val_loss": 0.21625816822052002, "val_dice": 0.7005980631274729}