{"round": 5, "epoch": 3, "val_loss": 0.22491856664419174, "val_dice": 0.6480770300320087}