{"round": 3, "epoch": 5, "val_loss": 0.2836328446865082, "val_dice": 0.5754351233188357}