{"round": 6, "epoch": 2, "val_loss": 0.17251277342438698, "val_dice": 0.758520597345563}