{"round": 14, "epoch": 2, "val_loss": 0.15337751060724258, "val_dice": 0.7692916713411421}