{"round": 10, "epoch": 4, "val_loss": 0.2634375989437103, "val_dice": 0.5461460446242848}