{"round": 5, "epoch": 5, "val_loss": 0.19149598851799965, "val_dice": 0.7268232265330086}