{"round": 4, "epoch": 5, "val_loss": 0.31759950518608093, "val_dice": 0.46041759218084366}