{"round": 3, "epoch": 5, "val_loss": 0.30940886586904526, "val_dice": 0.5110353548623433}