{"round": 0, "epoch": 5, "val_loss": 0.3567301034927368, "val_dice": 0.4144252184337721}