{"round": 0, "epoch": 2, "val_loss": 0.2718287222087383, "val_dice": 0.6223761611604256}