{"round": 0, "epoch": 4, "val_loss": 0.1748824045062065, "val_dice": 0.7350754555661527}