{"round": 5, "epoch": 3, "val_loss": 0.36169642210006714, "val_dice": 0.37596280618945527}