{"round": 5, "epoch": 5, "val_loss": 0.19987038895487785, "val_dice": 0.6897760338688776}