{"round": 3, "epoch": 5, "val_loss": 0.24206143990159035, "val_dice": 0.662999291843835}