{"round": 9, "epoch": 6, "val_loss": 0.3082725405693054, "val_dice": 0.47776986468564675}