{"round": 11, "epoch": 6, "val_loss": 0.187178585678339, "val_dice": 0.7244226994558827}