{"round": 6, "epoch": 8, "val_loss": 0.1914190910756588, "val_dice": 0.7354685860911181}