{"round": 4, "epoch": 2, "val_loss": 0.3030362129211426, "val_dice": 0.49989926801390105}