{"round": 4, "epoch": 2, "val_loss": 0.23602310568094254, "val_dice": 0.671741750626068}