{"round": 3, "epoch": 2, "val_loss": 0.20040082931518555, "val_dice": 0.6954129992618543}