{"round": 0, "epoch": 7, "val_loss": 0.19110001996159554, "val_dice": 0.7300631305266554}