{"round": 0, "epoch": 1, "val_loss": 0.2292361818253994, "val_dice": 0.6555320055212033}