{"round": 0, "epoch": 4, "val_loss": 0.3485332131385803, "val_dice": 0.41481248525794884}