{"round": 5, "epoch": 5, "val_loss": 0.172535240650177, "val_dice": 0.7548695048067778}