{"round": 5, "epoch": 3, "val_loss": 0.27472761273384094, "val_dice": 0.5430809399473755}