{"round": 0, "epoch": 10, "val_loss": 0.24182485789060593, "val_dice": 0.650531019778557}