{"round": 0, "epoch": 6, "val_loss": 0.31150200963020325, "val_dice": 0.5054550889250444}