{"round": 0, "epoch": 9, "val_loss": 0.19731131941080093, "val_dice": 0.7272371056010013}