{"round": 2, "epoch": 5, "val_loss": 0.2505810260772705, "val_dice": 0.6541304091366386}