{"round": 4, "epoch": 3, "val_loss": 0.22816047072410583, "val_dice": 0.6477312603661046}