{"round": 5, "epoch": 3, "val_loss": 0.3512241542339325, "val_dice": 0.3905335068311723}