{"round": 4, "epoch": 5, "val_loss": 0.38933637738227844, "val_dice": 0.341063574569831}