{"round": 5, "epoch": 5, "val_loss": 0.2544376812875271, "val_dice": 0.6449931900264934}