{"round": 4, "epoch": 2, "val_loss": 0.2891484349966049, "val_dice": 0.5584184879144312}