{"round": 5, "epoch": 4, "val_loss": 0.19189419597387314, "val_dice": 0.7268829065394591}