{"round": 5, "epoch": 5, "val_loss": 0.20185088738799095, "val_dice": 0.6890181562294259}