{"round": 4, "epoch": 4, "val_loss": 0.2800188660621643, "val_dice": 0.5364242873505382}