{"round": 4, "epoch": 5, "val_loss": 0.22256480529904366, "val_dice": 0.6979689693274356}