{"round": 5, "epoch": 3, "val_loss": 0.2567713111639023, "val_dice": 0.598988908382969}