{"round": 4, "epoch": 2, "val_loss": 0.4143505096435547, "val_dice": 0.3455260734909638}