{"round": 16, "epoch": 4, "val_loss": 0.20033126324415207, "val_dice": 0.7305969817017299}