{"round": 26, "epoch": 4, "val_loss": 0.23978184908628464, "val_dice": 0.647520220382039}