{"round": 25, "epoch": 4, "val_loss": 0.3137661814689636, "val_dice": 0.48578545048485283}