{"round": 2, "epoch": 11, "val_loss": 0.19841447100043297, "val_dice": 0.7208940950041233}