{"round": 6, "epoch": 2, "val_loss": 0.22222644835710526, "val_dice": 0.6693920356474479}