{"round": 9, "epoch": 1, "val_loss": 0.29757213592529297, "val_dice": 0.48623213663254944}