{"round": 4, "epoch": 4, "val_loss": 0.2376391552388668, "val_dice": 0.66247688604262}