{"round": 3, "epoch": 5, "val_loss": 0.34817010164260864, "val_dice": 0.44865442533717215}