{"round": 4, "epoch": 4, "val_loss": 0.2677067331969738, "val_dice": 0.6019971689983687}