{"round": 0, "epoch": 3, "val_loss": 0.23819474130868912, "val_dice": 0.6851153612168279}