{"round": 0, "epoch": 5, "val_loss": 0.38966286182403564, "val_dice": 0.4700298822284496}