{"round": 0, "epoch": 8, "val_loss": 0.2900105118751526, "val_dice": 0.6047313929628642}