{"round": 9, "epoch": 2, "val_loss": 0.2407752424478531, "val_dice": 0.5861662871943266}