{"round": 11, "epoch": 6, "val_loss": 0.15541674569249153, "val_dice": 0.7831554767667668}