{"round": 34, "epoch": 3, "val_loss": 0.17362498119473457, "val_dice": 0.7385086863316135}