{"round": 0, "epoch": 4, "val_loss": 0.367462694644928, "val_dice": 0.4149406974682112}