{"round": 0, "epoch": 5, "val_loss": 0.19772828742861748, "val_dice": 0.7250237884404698}