{"round": 0, "epoch": 6, "val_loss": 0.2684381827712059, "val_dice": 0.589063497569904}