{"round": 4, "epoch": 1, "val_loss": 0.30757421255111694, "val_dice": 0.5259112130058381}