{"round": 5, "epoch": 5, "val_loss": 0.22652370110154152, "val_dice": 0.6750928946376054}