{"round": 4, "epoch": 3, "val_loss": 0.36172425746917725, "val_dice": 0.40349141693313734}