{"round": 5, "epoch": 2, "val_loss": 0.22120968252420425, "val_dice": 0.665908919750507}