{"round": 3, "epoch": 4, "val_loss": 0.2719409167766571, "val_dice": 0.5509691022621434}