{"round": 4, "epoch": 4, "val_loss": 0.1855802945792675, "val_dice": 0.7406064880614709}