{"round": 5, "epoch": 4, "val_loss": 0.36315715312957764, "val_dice": 0.3844182470526143}