{"round": 5, "epoch": 1, "val_loss": 0.2551460415124893, "val_dice": 0.6183375672220448}