{"round": 3, "epoch": 4, "val_loss": 0.19349387660622597, "val_dice": 0.7337344964936453}