{"round": 13, "epoch": 4, "val_loss": 0.16623255237936974, "val_dice": 0.7558724127327949}