{"round": 8, "epoch": 8, "val_loss": 0.25674378871917725, "val_dice": 0.5594849785402922}