{"round": 8, "epoch": 2, "val_loss": 0.1676528137177229, "val_dice": 0.7649881915050388}