{"round": 5, "epoch": 3, "val_loss": 0.3148340880870819, "val_dice": 0.45325188109926745}