{"round": 4, "epoch": 5, "val_loss": 0.22862045466899872, "val_dice": 0.6810519967011269}