{"round": 4, "epoch": 5, "val_loss": 0.18329284340143204, "val_dice": 0.7120765357593443}