{"round": 2, "epoch": 10, "val_loss": 0.17966031655669212, "val_dice": 0.749541931962756}