{"round": 6, "epoch": 7, "val_loss": 0.16171028465032578, "val_dice": 0.7531828559631208}