{"round": 2, "epoch": 7, "val_loss": 0.28542178869247437, "val_dice": 0.578562340966461}