{"round": 5, "epoch": 5, "val_loss": 0.25371891632676125, "val_dice": 0.6405865134652509}