{"round": 5, "epoch": 5, "val_loss": 0.3647887110710144, "val_dice": 0.3665142455149784}