{"round": 4, "epoch": 2, "val_loss": 0.2140253782272339, "val_dice": 0.6862587081221792}