{"round": 3, "epoch": 5, "val_loss": 0.24367159232497215, "val_dice": 0.6598609990216404}