{"round": 4, "epoch": 2, "val_loss": 0.28873905539512634, "val_dice": 0.5066666666662573}