{"round": 3, "epoch": 4, "val_loss": 0.1956033706665039, "val_dice": 0.7001435113358376}