{"round": 3, "epoch": 4, "val_loss": 0.22885040193796158, "val_dice": 0.68687904299866}