{"round": 4, "epoch": 1, "val_loss": 0.2078056037425995, "val_dice": 0.6880415668406306}