{"round": 4, "epoch": 3, "val_loss": 0.35215285420417786, "val_dice": 0.399626865671269}