{"round": 0, "epoch": 7, "val_loss": 0.26913660764694214, "val_dice": 0.534729145895202}