{"round": 0, "epoch": 3, "val_loss": 0.15784523263573647, "val_dice": 0.7619291379001905}