{"round": 0, "epoch": 6, "val_loss": 0.17216964438557625, "val_dice": 0.7557854977484328}