{"round": 5, "epoch": 5, "val_loss": 0.2087685950100422, "val_dice": 0.7024528446543354}