{"round": 4, "epoch": 5, "val_loss": 0.39533531665802, "val_dice": 0.3498698900358013}