{"round": 5, "epoch": 2, "val_loss": 0.18521198630332947, "val_dice": 0.7207057543693496}