{"round": 2, "epoch": 2, "val_loss": 0.2524544633924961, "val_dice": 0.6490342251419972}