{"round": 4, "epoch": 2, "val_loss": 0.2953803837299347, "val_dice": 0.5111804910973663}