{"round": 17, "epoch": 6, "val_loss": 0.3454614281654358, "val_dice": 0.414563106795714}