{"round": 26, "epoch": 1, "val_loss": 0.21014854684472084, "val_dice": 0.7252091906538127}