{"round": 15, "epoch": 4, "val_loss": 0.16871904581785202, "val_dice": 0.752727319412726}