{"round": 19, "epoch": 6, "val_loss": 0.1752069965004921, "val_dice": 0.7564234917682899}