{"round": 11, "epoch": 4, "val_loss": 0.30926936864852905, "val_dice": 0.46767241379276747}