{"round": 35, "epoch": 2, "val_loss": 0.1848474144935608, "val_dice": 0.7174595817386463}