{"round": 4, "epoch": 5, "val_loss": 0.38272738456726074, "val_dice": 0.3380716934484409}