{"round": 5, "epoch": 3, "val_loss": 0.2217622585594654, "val_dice": 0.6606489778266297}