{"round": 5, "epoch": 5, "val_loss": 0.21873923763632774, "val_dice": 0.6919386334988662}