{"round": 20, "epoch": 6, "val_loss": 0.1807600036263466, "val_dice": 0.7253694399795034}