{"round": 6, "epoch": 11, "val_loss": 0.19138158857822418, "val_dice": 0.7370343823535347}