{"round": 18, "epoch": 3, "val_loss": 0.34444189071655273, "val_dice": 0.4260548251263847}