{"round": 4, "epoch": 3, "val_loss": 0.3760736584663391, "val_dice": 0.3387713246943798}