{"round": 5, "epoch": 5, "val_loss": 0.2341039516031742, "val_dice": 0.6658616845020423}