{"round": 4, "epoch": 3, "val_loss": 0.2537584975361824, "val_dice": 0.6100919717892658}