{"round": 4, "epoch": 4, "val_loss": 0.5096850991249084, "val_dice": 0.45127188635587967}