{"round": 3, "epoch": 5, "val_loss": 0.21925944462418556, "val_dice": 0.7521183500541863}