{"round": 5, "epoch": 5, "val_loss": 0.36810360848903656, "val_dice": 0.6061565499554106}