{"round": 0, "epoch": 6, "val_loss": 0.32764706015586853, "val_dice": 0.4453861328264445}