{"round": 0, "epoch": 4, "val_loss": 0.20815882086753845, "val_dice": 0.6914806727256764}