{"round": 0, "epoch": 1, "val_loss": 0.23153172805905342, "val_dice": 0.6836933578661089}