{"round": 2, "epoch": 1, "val_loss": 0.4746411442756653, "val_dice": 0.4497505345684606}