{"round": 15, "epoch": 1, "val_loss": 0.19027315080165863, "val_dice": 0.7304441395794812}