{"round": 18, "epoch": 13, "val_loss": 0.22595768421888351, "val_dice": 0.7158380910866702}