{"round": 8, "epoch": 4, "val_loss": 0.18281646445393562, "val_dice": 0.7432314536280746}