{"round": 39, "epoch": 1, "val_loss": 0.3059176802635193, "val_dice": 0.47320007075847054}