{"round": 11, "epoch": 1, "val_loss": 0.1991972103714943, "val_dice": 0.6920329211181673}