{"round": 2, "epoch": 5, "val_loss": 0.23102613165974617, "val_dice": 0.6722606437910362}