{"round": 3, "epoch": 3, "val_loss": 0.3516559898853302, "val_dice": 0.4057426081009481}