{"round": 4, "epoch": 2, "val_loss": 0.2157408855855465, "val_dice": 0.6823928856088767}