{"round": 4, "epoch": 4, "val_loss": 0.540055513381958, "val_dice": 0.41691547158708975}