{"round": 3, "epoch": 5, "val_loss": 0.4692859649658203, "val_dice": 0.5680867633847249}