{"round": 2, "epoch": 5, "val_loss": 0.24533211812376976, "val_dice": 0.7490682684247619}