{"round": 4, "epoch": 8, "val_loss": 0.27408796548843384, "val_dice": 0.5354462051704796}