{"round": 17, "epoch": 2, "val_loss": 0.1448695957660675, "val_dice": 0.7833542469854188}