{"round": 6, "epoch": 11, "val_loss": 0.17921944707632065, "val_dice": 0.7490253137335888}