{"round": 7, "epoch": 12, "val_loss": 0.18030930683016777, "val_dice": 0.7639524597617509}