{"round": 10, "epoch": 4, "val_loss": 0.23411095142364502, "val_dice": 0.5994846309584028}