{"round": 30, "epoch": 1, "val_loss": 0.14021116495132446, "val_dice": 0.7966348334140289}