{"round": 9, "epoch": 8, "val_loss": 0.17527968436479568, "val_dice": 0.7427943421616645}