{"round": 9, "epoch": 2, "val_loss": 0.29079949855804443, "val_dice": 0.5272830977878653}