{"round": 8, "epoch": 1, "val_loss": 0.23447642475366592, "val_dice": 0.6832009081300419}