{"round": 5, "epoch": 4, "val_loss": 0.23241431638598442, "val_dice": 0.6705772536374057}