{"round": 3, "epoch": 4, "val_loss": 0.19419703632593155, "val_dice": 0.7011390386089731}