{"round": 4, "epoch": 4, "val_loss": 0.3024713397026062, "val_dice": 0.5004432266899022}