{"round": 5, "epoch": 1, "val_loss": 0.20896346122026443, "val_dice": 0.6881416263456752}