{"round": 5, "epoch": 5, "val_loss": 0.30631983280181885, "val_dice": 0.4619357136493082}