{"round": 4, "epoch": 4, "val_loss": 0.17908568680286407, "val_dice": 0.7498299858162505}