{"round": 4, "epoch": 3, "val_loss": 0.1993461214005947, "val_dice": 0.7014925730983066}