{"round": 3, "epoch": 3, "val_loss": 0.1779768094420433, "val_dice": 0.7521122931965066}