{"round": 3, "epoch": 3, "val_loss": 0.323893278837204, "val_dice": 0.49737702425264396}