{"round": 0, "epoch": 6, "val_loss": 0.34501469135284424, "val_dice": 0.5881553233064931}