{"round": 0, "epoch": 2, "val_loss": 0.21263357251882553, "val_dice": 0.7661654506525477}