{"round": 0, "epoch": 7, "val_loss": 0.16764594987034798, "val_dice": 0.7764639704956486}