{"round": 5, "epoch": 3, "val_loss": 0.494726300239563, "val_dice": 0.417337872622754}