{"round": 4, "epoch": 5, "val_loss": 0.24444063752889633, "val_dice": 0.6913925694367884}