{"round": 5, "epoch": 3, "val_loss": 0.23851002752780914, "val_dice": 0.6590794468020826}