{"round": 10, "epoch": 2, "val_loss": 0.18961653485894203, "val_dice": 0.7691999463659903}