{"round": 8, "epoch": 3, "val_loss": 0.3661208748817444, "val_dice": 0.608589518650844}