{"round": 35, "epoch": 4, "val_loss": 0.15982775390148163, "val_dice": 0.765682392864679}