{"round": 5, "epoch": 4, "val_loss": 0.31596502661705017, "val_dice": 0.4450202429146194}