{"round": 2, "epoch": 4, "val_loss": 0.1913386434316635, "val_dice": 0.7232809154660156}