{"round": 4, "epoch": 4, "val_loss": 0.2592300735414028, "val_dice": 0.6304429923548582}