{"round": 0, "epoch": 2, "val_loss": 0.17866426333785057, "val_dice": 0.7549462938711964}