{"round": 0, "epoch": 7, "val_loss": 0.2510131299495697, "val_dice": 0.564838210122614}