{"round": 0, "epoch": 5, "val_loss": 0.19139711931347847, "val_dice": 0.7086894741157551}