{"round": 0, "epoch": 3, "val_loss": 0.186950596049428, "val_dice": 0.7437099403913374}