{"round": 0, "epoch": 4, "val_loss": 0.26542554050683975, "val_dice": 0.601836170357076}