{"round": 0, "epoch": 2, "val_loss": 0.28511175513267517, "val_dice": 0.5044301075264478}