{"round": 15, "epoch": 15, "val_loss": 0.2588687241077423, "val_dice": 0.5633960156390212}