{"round": 14, "epoch": 14, "val_loss": 0.15868169628083706, "val_dice": 0.7829730615505363}