{"round": 20, "epoch": 4, "val_loss": 0.163607370108366, "val_dice": 0.7548839999391801}