{"round": 4, "epoch": 5, "val_loss": 0.24465744197368622, "val_dice": 0.6284630460723772}