{"round": 4, "epoch": 5, "val_loss": 0.27921491861343384, "val_dice": 0.5267785185724032}