{"round": 5, "epoch": 3, "val_loss": 0.18687482550740242, "val_dice": 0.742983667184248}