{"round": 5, "epoch": 5, "val_loss": 0.22893259674310684, "val_dice": 0.6793507832527366}