{"round": 3, "epoch": 5, "val_loss": 0.3075094074010849, "val_dice": 0.5297784823712901}