{"round": 4, "epoch": 3, "val_loss": 0.34775665402412415, "val_dice": 0.4310296191815411}