{"round": 3, "epoch": 2, "val_loss": 0.3797243535518646, "val_dice": 0.35827288428299947}