{"round": 5, "epoch": 5, "val_loss": 0.19270865991711617, "val_dice": 0.7161492091172454}