{"round": 2, "epoch": 4, "val_loss": 0.24101326614618301, "val_dice": 0.6537147558251857}