{"round": 4, "epoch": 5, "val_loss": 0.2461848147213459, "val_dice": 0.6796815632184513}