{"round": 3, "epoch": 5, "val_loss": 0.4130646884441376, "val_dice": 0.5647377670987002}