{"round": 5, "epoch": 5, "val_loss": 0.4952743649482727, "val_dice": 0.3558573298426408}