{"round": 5, "epoch": 2, "val_loss": 0.2651546597480774, "val_dice": 0.5525387329340753}