{"round": 2, "epoch": 10, "val_loss": 0.23399265110492706, "val_dice": 0.6723132234942555}