{"round": 7, "epoch": 2, "val_loss": 0.1702120117843151, "val_dice": 0.739736332035268}