{"round": 6, "epoch": 8, "val_loss": 0.3254345953464508, "val_dice": 0.4360269360265282}