{"round": 10, "epoch": 13, "val_loss": 0.2270933762192726, "val_dice": 0.6658524323324159}