{"round": 4, "epoch": 13, "val_loss": 0.19764446467161179, "val_dice": 0.7272675958674975}