{"round": 5, "epoch": 3, "val_loss": 0.3185693323612213, "val_dice": 0.45496049165895086}