{"round": 5, "epoch": 2, "val_loss": 0.17893176153302193, "val_dice": 0.7297828473527467}