{"round": 2, "epoch": 5, "val_loss": 0.2425677627325058, "val_dice": 0.6541809136254151}