{"round": 0, "epoch": 2, "val_loss": 0.33503034710884094, "val_dice": 0.42178463233240027}