{"round": 0, "epoch": 2, "val_loss": 0.20610304921865463, "val_dice": 0.6918888066001956}