{"round": 0, "epoch": 7, "val_loss": 0.2397143952548504, "val_dice": 0.6673703741736876}