{"round": 5, "epoch": 1, "val_loss": 0.2102493792772293, "val_dice": 0.6754567058987273}