{"round": 4, "epoch": 1, "val_loss": 0.19061007350683212, "val_dice": 0.7407610172037485}