{"round": 5, "epoch": 4, "val_loss": 0.26430973410606384, "val_dice": 0.6115925896472835}