{"round": 4, "epoch": 3, "val_loss": 0.34939706325531006, "val_dice": 0.44101495928759604}