{"round": 5, "epoch": 4, "val_loss": 0.21494823694229126, "val_dice": 0.7011200084921829}