{"round": 3, "epoch": 1, "val_loss": 0.3314550966024399, "val_dice": 0.5709490364799058}