{"round": 0, "epoch": 7, "val_loss": 0.33058637380599976, "val_dice": 0.4921515033186316}