{"round": 0, "epoch": 5, "val_loss": 0.196181021630764, "val_dice": 0.7266474943116383}