{"round": 0, "epoch": 3, "val_loss": 0.24066641926765442, "val_dice": 0.6400974324015872}