{"round": 0, "epoch": 9, "val_loss": 0.2224845513701439, "val_dice": 0.6897630190816066}