{"round": 0, "epoch": 3, "val_loss": 0.22109342366456985, "val_dice": 0.7185161678890953}