{"round": 0, "epoch": 2, "val_loss": 0.29029548168182373, "val_dice": 0.5359214291233965}