{"round": 3, "epoch": 5, "val_loss": 0.20026854798197746, "val_dice": 0.719600772858612}