{"round": 14, "epoch": 10, "val_loss": 0.31700649857521057, "val_dice": 0.46575045990643243}