{"round": 6, "epoch": 9, "val_loss": 0.21215900778770447, "val_dice": 0.6778804069516354}