{"round": 5, "epoch": 5, "val_loss": 0.18211215734481812, "val_dice": 0.7437958100548949}