{"round": 4, "epoch": 5, "val_loss": 0.23435543477535248, "val_dice": 0.6416332251379834}