{"round": 5, "epoch": 3, "val_loss": 0.27109140157699585, "val_dice": 0.5337569499598148}