{"round": 4, "epoch": 3, "val_loss": 0.37551426887512207, "val_dice": 0.3615193026149679}