{"round": 5, "epoch": 3, "val_loss": 0.26125842332839966, "val_dice": 0.5910266444265538}