{"round": 3, "epoch": 4, "val_loss": 0.22545333951711655, "val_dice": 0.6829277602262955}