{"round": 5, "epoch": 5, "val_loss": 0.2709443271160126, "val_dice": 0.5463279596152529}