{"round": 4, "epoch": 5, "val_loss": 0.2038242556154728, "val_dice": 0.7149476964065573}