{"round": 5, "epoch": 5, "val_loss": 0.2078842781484127, "val_dice": 0.6877829974103424}