{"round": 3, "epoch": 4, "val_loss": 0.2570500671863556, "val_dice": 0.6083746275201478}