{"round": 3, "epoch": 3, "val_loss": 0.32432064414024353, "val_dice": 0.47647367500395615}