{"round": 3, "epoch": 4, "val_loss": 0.16866444051265717, "val_dice": 0.7663334448820388}