{"round": 13, "epoch": 1, "val_loss": 0.21771366894245148, "val_dice": 0.7137507528186655}