{"round": 9, "epoch": 2, "val_loss": 0.2772504687309265, "val_dice": 0.5444323235709118}