{"round": 7, "epoch": 6, "val_loss": 0.1793898344039917, "val_dice": 0.7333089846927864}