{"round": 5, "epoch": 5, "val_loss": 0.2910419702529907, "val_dice": 0.5001686909577427}