{"round": 5, "epoch": 3, "val_loss": 0.17838909104466438, "val_dice": 0.7260043057263743}