{"round": 5, "epoch": 1, "val_loss": 0.22955691814422607, "val_dice": 0.6885273264724792}