{"round": 0, "epoch": 2, "val_loss": 0.19357313588261604, "val_dice": 0.7281582520183849}