{"round": 0, "epoch": 4, "val_loss": 0.21144656091928482, "val_dice": 0.6969261544795838}