{"round": 0, "epoch": 2, "val_loss": 0.29699018597602844, "val_dice": 0.5139844517911589}