{"round": 0, "epoch": 2, "val_loss": 0.28188562393188477, "val_dice": 0.5361859482298501}