{"round": 0, "epoch": 6, "val_loss": 0.1644308753311634, "val_dice": 0.7712587960223788}