{"round": 0, "epoch": 5, "val_loss": 0.3004141002893448, "val_dice": 0.5486961302173906}