{"round": 15, "epoch": 3, "val_loss": 0.14939165487885475, "val_dice": 0.778373040370496}