{"round": 14, "epoch": 8, "val_loss": 0.15821091830730438, "val_dice": 0.7835015830338827}