{"round": 7, "epoch": 9, "val_loss": 0.24537958204746246, "val_dice": 0.5766026801878155}