{"round": 9, "epoch": 8, "val_loss": 0.16930897906422615, "val_dice": 0.7786527871923297}