{"round": 10, "epoch": 8, "val_loss": 0.1416110061109066, "val_dice": 0.7880757410758239}