{"round": 5, "epoch": 2, "val_loss": 0.22625766694545746, "val_dice": 0.6188394617291344}