{"round": 4, "epoch": 4, "val_loss": 0.35358870029449463, "val_dice": 0.41270475429443393}