{"round": 4, "epoch": 5, "val_loss": 0.22877871617674828, "val_dice": 0.6732552273939008}