{"round": 5, "epoch": 4, "val_loss": 0.2745233625173569, "val_dice": 0.5712374383428322}