{"round": 5, "epoch": 5, "val_loss": 0.2859976887702942, "val_dice": 0.5215741275468018}