{"round": 4, "epoch": 5, "val_loss": 0.2028837986290455, "val_dice": 0.6860824565737412}