{"round": 4, "epoch": 5, "val_loss": 0.22216330841183662, "val_dice": 0.686774592507743}