{"round": 5, "epoch": 3, "val_loss": 0.19972537457942963, "val_dice": 0.7171422042453155}