{"round": 5, "epoch": 4, "val_loss": 0.17334238067269325, "val_dice": 0.7382117899858347}