{"round": 4, "epoch": 4, "val_loss": 0.304433673620224, "val_dice": 0.4843884767980654}