{"round": 5, "epoch": 2, "val_loss": 0.17505612969398499, "val_dice": 0.7562857473103247}