{"round": 5, "epoch": 4, "val_loss": 0.28166696429252625, "val_dice": 0.5229308628738052}