{"round": 5, "epoch": 3, "val_loss": 0.22018162161111832, "val_dice": 0.6569629017449441}