{"round": 0, "epoch": 6, "val_loss": 0.2813427448272705, "val_dice": 0.5188492915409885}