{"round": 0, "epoch": 3, "val_loss": 0.17864440008997917, "val_dice": 0.7262897109712863}