{"round": 0, "epoch": 2, "val_loss": 0.21020236983895302, "val_dice": 0.7118543215004264}